time,evt_tx_hash,contract_address,collection_address,borrower,lender,loanAmount,interestRate,auctionDuration,tokenId
5/8/2023,0x9df06317c5d9a3670e3278f5a1c01d1f6dbf41bf46e4d4c6df7ce651bae29690,0x29469395eaf6f95920e59f858042f0e28d98a20b,DeGods,0xdfef68b86eff06691e3edfaebf620c84eb86f0e3,0xa4c623295bd8a9e9860fe2ec209da2cbc6343e65,7.6,0.75,9000,2765
5/8/2023,0x2c198e5103cf2721a483b765b19243caac36fbf6e7fef58667d79740fd8cd1a4,0x29469395eaf6f95920e59f858042f0e28d98a20b,DeGods,0x0d3c65648baddff4488b7867a043436bc6842ade,0xa4c623295bd8a9e9860fe2ec209da2cbc6343e65,7.6,0.75,9000,2811
5/8/2023,0x5ed4e3486db5fd139abf4c67646925c4f5f537563790c712dd88c2ac25533645,0x29469395eaf6f95920e59f858042f0e28d98a20b,DeGods,0xe45e6b4ee9dc876df89d0bcae820af36cd66d712,0xa4c623295bd8a9e9860fe2ec209da2cbc6343e65,7.6,0.75,9000,4712
5/8/2023,0xfe7702cbfa5886e78772868bec7632c3b4666e6b626f7107e3adcfd734a64b7d,0x29469395eaf6f95920e59f858042f0e28d98a20b,DeGods,0x9c6de3e4a49dca1b32b47fb095284501e318d159,0xb2ee8af0d4435950380f67816da29caa6fc76793,6.81,0,9000,7337
5/8/2023,0x3e92259943bd918096fcfbd4c449e0409aab9ffe0dd921a157f58e91113684ce,0x29469395eaf6f95920e59f858042f0e28d98a20b,DeGods,0x26bcb16a88a9179efadc11b90e2a55ed8bd74b6c,0xd22f473a88430f626d60d70fd96d51b2e7190601,8.1,10,9000,2051
5/8/2023,0x11dacd1fffb79ad649ed5c6998c76e900ba48c1b7b6ab50cf34e7b6fbc8e8ea8,0x29469395eaf6f95920e59f858042f0e28d98a20b,DeGods,0x0d3c65648baddff4488b7867a043436bc6842ade,0xd22f473a88430f626d60d70fd96d51b2e7190601,8,10,9000,4722
5/8/2023,0x34def1aa7dbb0d3ab2fc455b13ec1fe6995756c4fec3b89c3fb2ec8e0554aebf,0x29469395eaf6f95920e59f858042f0e28d98a20b,DeGods,0x26bcb16a88a9179efadc11b90e2a55ed8bd74b6c,0xd22f473a88430f626d60d70fd96d51b2e7190601,7.91,10,9000,1906
5/8/2023,0x3aeabe21562cc83f0ead1b30678df6fad10196a267c065883270aef1720f52ff,0x29469395eaf6f95920e59f858042f0e28d98a20b,DeGods,0x16d14e5aae3fe9af66a036d833b1ee10df6218e0,0x357b5396662b2903b8ec4efe9265bb158eb50644,5.82,0,9000,5168
5/8/2023,0x76e485505df6133a8427a87c305d7a5e16724e6ac43d774656d8ed4950aeea14,0x29469395eaf6f95920e59f858042f0e28d98a20b,DeGods,0x16d14e5aae3fe9af66a036d833b1ee10df6218e0,0xdcc78d193e64361c12f8c6f2e1c12daad0d07648,6,0,9000,6211
5/8/2023,0x9225d0b7377a5ec9e9d6198789b01fb02a1cd9b4feefa8e13eb36077e63decb3,0x29469395eaf6f95920e59f858042f0e28d98a20b,DeGods,0x26bcb16a88a9179efadc11b90e2a55ed8bd74b6c,0xa4c623295bd8a9e9860fe2ec209da2cbc6343e65,7.6,0.75,9000,246
5/8/2023,0xda284f3abbf4facd1c1e5f93d192f28cce2656d32dba709c6806adcde0778e4a,0x29469395eaf6f95920e59f858042f0e28d98a20b,DeGods,0x121a184b7e0d081b9f745e0e9ec408d7c26560f2,0xa4c623295bd8a9e9860fe2ec209da2cbc6343e65,7.41,0.75,9000,9562
5/8/2023,0xa9bfed2ff7c0ad21f3d1d46bfa2c1455d8f0e61be8e1402754fb5707d4ae5f4e,0x29469395eaf6f95920e59f858042f0e28d98a20b,DeGods,0x26bcb16a88a9179efadc11b90e2a55ed8bd74b6c,0x2f889a7a78e6bbc66e67107864b01338ea1e102d,8.2,9.99,9000,5391
5/8/2023,0x0cd0f2a7d8b8436da133e0a76ebe3d7d4250a3a23ba82e0aa068847d63e86224,0x29469395eaf6f95920e59f858042f0e28d98a20b,DeGods,0x0970b838d4d209b21de42ca52f7e0fe79811de26,0x4dff46c516cf287e9bed9b85d70c537b792f4f74,6.21,0,9000,1994
5/8/2023,0xd54650462942844d60f454a23fa613d4b2bfd97ed7925205faa6506a1a17e57c,0x29469395eaf6f95920e59f858042f0e28d98a20b,DeGods,0x0d3c65648baddff4488b7867a043436bc6842ade,0x7de92ca2d0768cdba376aac853234d4eed8d8b5c,8.01,10,9000,3652
5/8/2023,0x4d3e860658ce2ad2228d8d715738a2f9ed4dc3fac5a3a094541f65055a286ac7,0x29469395eaf6f95920e59f858042f0e28d98a20b,DeGods,0x68c8bc6577c091dac3ea75c26594fd26f23e91f4,0x7de92ca2d0768cdba376aac853234d4eed8d8b5c,8.01,10,9000,9860
5/8/2023,0xf9e522263190f9a9900e82b7e0d07fee98f2acc2ff9d391620307e9374849488,0x29469395eaf6f95920e59f858042f0e28d98a20b,DeGods,0x16d14e5aae3fe9af66a036d833b1ee10df6218e0,0x8bc110db7029197c3621bea8092ab1996d5dd7be,6.96,0,9000,9903
5/8/2023,0x512e4143e06ef16a6a03b7b0d2a2b27f5daeeb53325907508ea64a87a69f2e1e,0x29469395eaf6f95920e59f858042f0e28d98a20b,DeGods,0x16d14e5aae3fe9af66a036d833b1ee10df6218e0,0x8bc110db7029197c3621bea8092ab1996d5dd7be,6.96,0,9000,1632
5/8/2023,0x43fe9526919e4183a828a4d67d02476adf1e56603be3de4a8cbd57627d08c745,0x29469395eaf6f95920e59f858042f0e28d98a20b,DeGods,0x68c8bc6577c091dac3ea75c26594fd26f23e91f4,0xfbff2739978790aa7655fb1b75bb1811e347c1fd,7.71,9.98,9000,2443
5/8/2023,0xafc7cfc5d107999c154aaa29c1f2fc49f8c98af809d249bf5d5262d47bdff372,0x29469395eaf6f95920e59f858042f0e28d98a20b,DeGods,0x67679f44444c6a896ef894713fed7aef8d8f3234,0x8bc110db7029197c3621bea8092ab1996d5dd7be,6.91,0,9000,310
5/8/2023,0x719f51f2e7262a4763b932afdae8b3a488a6a471758ce4049e886d3386612288,0x29469395eaf6f95920e59f858042f0e28d98a20b,DeGods,0x68c8bc6577c091dac3ea75c26594fd26f23e91f4,0x7de92ca2d0768cdba376aac853234d4eed8d8b5c,8.01,10,9000,4012
5/8/2023,0x1a84d2212871d4431b60d996c9f15b8f0d29147eeedd090a41a3ac12d3da9494,0x29469395eaf6f95920e59f858042f0e28d98a20b,DeGods,0x68c8bc6577c091dac3ea75c26594fd26f23e91f4,0x7de92ca2d0768cdba376aac853234d4eed8d8b5c,7.81,10,9000,8374
5/8/2023,0xdc6b99faaf79f5c75a437d957246c79ad1c69658a30c1d3261b67378c369f80f,0x29469395eaf6f95920e59f858042f0e28d98a20b,DeGods,0x68c8bc6577c091dac3ea75c26594fd26f23e91f4,0x7de92ca2d0768cdba376aac853234d4eed8d8b5c,8.01,10,9000,8583
5/8/2023,0x68b1a146addad9c7b98719f30b2152a8bc4b7d67dd2f40c2bf7f950dc6f036fd,0x29469395eaf6f95920e59f858042f0e28d98a20b,DeGods,0x68c8bc6577c091dac3ea75c26594fd26f23e91f4,0x7de92ca2d0768cdba376aac853234d4eed8d8b5c,7.81,10,9000,3562
5/8/2023,0xa887171ff8bf0ad9badd5af4ac33093b47e209d1a5e30680dfc53508eaf90795,0x29469395eaf6f95920e59f858042f0e28d98a20b,DeGods,0xdd412468738ca63ea0f969948aba3e35e344009f,0x7d176a8ff5b038a85923ae80b420534b9cb3b40f,7,0.02,9000,2368
5/8/2023,0xee411f92c6e8c38e6f8bcf30d47c7ba9d05727a376bbf988cc22a282ec9eeca4,0x29469395eaf6f95920e59f858042f0e28d98a20b,DeGods,0x26bcb16a88a9179efadc11b90e2a55ed8bd74b6c,0xd22f473a88430f626d60d70fd96d51b2e7190601,7.6,10,9000,9909
5/8/2023,0xc0854fe8a07c8b3014e0579e6bfc8bb901d3df03e2f66240300bfd59823d332d,0x29469395eaf6f95920e59f858042f0e28d98a20b,DeGods,0x68c8bc6577c091dac3ea75c26594fd26f23e91f4,0xd91dc7c83bd01b91cb25019dfc4e35bc6faab814,8,10,9000,9274
5/8/2023,0xc1b78ef84dbff98198261385e2658db13b749b3f72ffcd9d7379df939e90b72a,0x29469395eaf6f95920e59f858042f0e28d98a20b,DeGods,0x26bcb16a88a9179efadc11b90e2a55ed8bd74b6c,0x7de92ca2d0768cdba376aac853234d4eed8d8b5c,7.91,10,9000,5816
5/8/2023,0x98d4fac54a5230fc3a9bf17f43cb36c76bad1e94715fe81bbe78bf074fc4b97d,0x29469395eaf6f95920e59f858042f0e28d98a20b,DeGods,0x26bcb16a88a9179efadc11b90e2a55ed8bd74b6c,0x7de92ca2d0768cdba376aac853234d4eed8d8b5c,8,10,9000,9562
5/8/2023,0x2e586e03617a13938f17a15fe2a9745e7513a6eb379a9d8ca05dba307ffb88c3,0x29469395eaf6f95920e59f858042f0e28d98a20b,DeGods,0x26bcb16a88a9179efadc11b90e2a55ed8bd74b6c,0x7de92ca2d0768cdba376aac853234d4eed8d8b5c,8,10,9000,3275
5/8/2023,0x4fff95367c7a2e5258fa5ef013f72ca2bca5592c5792bcdb1bc41693c744a0b8,0x29469395eaf6f95920e59f858042f0e28d98a20b,DeGods,0x26bcb16a88a9179efadc11b90e2a55ed8bd74b6c,0x7de92ca2d0768cdba376aac853234d4eed8d8b5c,8,10,9000,2765
5/8/2023,0xff29cdf97ea97c6f14950e2a3986a6f29fe7805672805862e02db05ecd33c005,0x29469395eaf6f95920e59f858042f0e28d98a20b,DeGods,0x26bcb16a88a9179efadc11b90e2a55ed8bd74b6c,0x7de92ca2d0768cdba376aac853234d4eed8d8b5c,8,10,9000,4399
5/8/2023,0xf9be5b8917bef56189a5a8ac1165b4e7fb43b1a49434cbfdc7dd33bfee65d6ac,0x29469395eaf6f95920e59f858042f0e28d98a20b,DeGods,0x79d5f8c3e81d687772ffb681711332aa736a45e7,0x95df3b31bd1e2781f2652f316522fc96ed353d95,6.63,0.02,9000,5171
5/8/2023,0x5db07812f364c36a4f7b14a42fc43a69b567de9b140fc0a990646ea499b1f705,0x29469395eaf6f95920e59f858042f0e28d98a20b,DeGods,0x7daef0084b8bb7f845e4d7ec0bdf4bb0992c0621,0xd22f473a88430f626d60d70fd96d51b2e7190601,7.5,10,9000,566
5/8/2023,0xb5337c6b9c05e0643f48ab676bd1312086a22e5bdc3e711c43bea242cf2266e1,0x29469395eaf6f95920e59f858042f0e28d98a20b,DeGods,0x7daef0084b8bb7f845e4d7ec0bdf4bb0992c0621,0xd22f473a88430f626d60d70fd96d51b2e7190601,7.8,10,9000,350
5/8/2023,0x7e2340c7112975b9a1d8e59f988d0eb07810b091b55f9f323e2f7f7bac3e671a,0x29469395eaf6f95920e59f858042f0e28d98a20b,DeGods,0xd9dae1402a885aaa97f10decc9a9df212bdca26f,0x7d176a8ff5b038a85923ae80b420534b9cb3b40f,6.94,0.02,9000,8894
5/8/2023,0x183ae6c0b48f9f9e4f56a940a53ea837a1103ae927e667855c22b056e1b3a8c3,0x29469395eaf6f95920e59f858042f0e28d98a20b,DeGods,0x8f6dec4ef0c39461e0be398623c3ce075a86c176,0x7d176a8ff5b038a85923ae80b420534b9cb3b40f,6.81,0.02,9000,5137
5/8/2023,0x0607f42bbbee799d61f6e74f074a4d1d43f8498d113221d356627d53ed17fbf4,0x29469395eaf6f95920e59f858042f0e28d98a20b,DeGods,0xd9dae1402a885aaa97f10decc9a9df212bdca26f,0x95df3b31bd1e2781f2652f316522fc96ed353d95,6.94,0.02,9000,1413
5/8/2023,0xc5daa96997a9a3259a05b6b6642c131eae6efdda4b8774eb68affb27228d429a,0x29469395eaf6f95920e59f858042f0e28d98a20b,DeGods,0xa742ad7e3c029bd686329aed91ac58f721dbd9f0,0x6f6903dc86974f25c6d135387ac9de338cabf2b5,6.79,0,9000,111
5/8/2023,0x74a0b00a88d506f074c1d54fe49cfdbd8ce50a767f6cbdf4904871de43a00035,0x29469395eaf6f95920e59f858042f0e28d98a20b,DeGods,0x9e04da2cb5523214e44765ffdaf4f5dcd2f769a0,0xffba913bb056544b75e57312ec3eae2528c285e1,4.91,0,9000,9802
5/8/2023,0xbd63033fac525b441ac9fa2d14a3e5cd8110404bccc104421213df1affc3d7c7,0x29469395eaf6f95920e59f858042f0e28d98a20b,DeGods,0x9e04da2cb5523214e44765ffdaf4f5dcd2f769a0,0xfbbf9610ef0e01db8381350144befef0b6d22d13,5.01,0,9000,7131
5/8/2023,0xe0f2ab5c60acb1b4c6fee98f6f2b3489e003464f7a8f3651c98cc1f24d36ee9d,0x29469395eaf6f95920e59f858042f0e28d98a20b,DeGods,0x2d3f3b501c8d26c90f5fbd984fb9298540803e08,0xf32e0e22ff269a62aedb1b9cda736d6749efd63e,6.71,0.005,9000,7774
5/8/2023,0x5c72e55f5718938c2682eabeb5f2cb83f856b1d642ec80090bbed1a0477ae81b,0x29469395eaf6f95920e59f858042f0e28d98a20b,DeGods,0xb479de67e0827cc72bf5c1727e3bf6fe15007554,0x6cb89e2622d25497fdea428f15d216027ab79f5c,3.2,0,9000,477
5/8/2023,0x220210b8136ac96e7544fd4e410675f9747ecfaf58243dca3f0df423e5a8e8a2,0x29469395eaf6f95920e59f858042f0e28d98a20b,DeGods,0xb479de67e0827cc72bf5c1727e3bf6fe15007554,0x92f3919d142000396cfc613ecd2e428d91cf9220,7.8,10,9000,7316
5/8/2023,0xd673ffb35d436b2f18c0bc02249ecd1539092e0a9f59a901e4faf592cee69ad0,0x29469395eaf6f95920e59f858042f0e28d98a20b,DeGods,0xacdfc1e84912122d2c141f838969a5bde512f6f3,0x7d176a8ff5b038a85923ae80b420534b9cb3b40f,6.61,0.02,9000,1735
5/8/2023,0xfbd0df821cccd69894ae94558d5c15e472f5117b5e53c7099015a09fd25b7928,0x29469395eaf6f95920e59f858042f0e28d98a20b,DeGods,0xb479de67e0827cc72bf5c1727e3bf6fe15007554,0x7d176a8ff5b038a85923ae80b420534b9cb3b40f,6.91,0.02,9000,7337
5/8/2023,0x3efe0b7838008bdb1d14ff6c9fd329c7ade9e332b531eccca856f5a8c4b9bad8,0x29469395eaf6f95920e59f858042f0e28d98a20b,DeGods,0x9a04522ee9e33027a6cff2280388b8d9b77d1e5f,0x658fb634fae88897d0d1db2b2a0aaf0732d950bd,7.9,9.99,9000,8720
5/8/2023,0xc94a180d2ac15431879ac83606bc69eb3305a6ffe0e822489ceb65e4ec2f4ddc,0x29469395eaf6f95920e59f858042f0e28d98a20b,DeGods,0x381f730007b59b4d4d94c66e2f9ff4754f8838db,0xc28d30dd716a40b0c19215b732ce7be0e80a5098,6.71,0,9000,6920
5/8/2023,0x4bf88735863106d93693957438cf6d33b2c1b4034001616be1c3fe34f2c4902d,0x29469395eaf6f95920e59f858042f0e28d98a20b,DeGods,0x5814c5e259066f7280228be72f0a63f7f08b2651,0xc28d30dd716a40b0c19215b732ce7be0e80a5098,6.94,0,9000,8555
5/8/2023,0x5eb2a8b6caf1099b3f9067d936146ae0b71899a96af7e901399b26e3cdee232c,0x29469395eaf6f95920e59f858042f0e28d98a20b,DeGods,0x77e3e957082ca648c1c5b0f3e6aec00ab1245186,0x14ff0bc9417b6796f79768729002a793b51205b8,7.64,0.75,9000,562
5/8/2023,0x729e413eeeebeba0b9026884c84fb61dbbe69a11ad446cbd52a7e134b0856a6b,0x29469395eaf6f95920e59f858042f0e28d98a20b,DeGods,0x424f07974dcdf287b5505fe156b540168fa984a2,0x73d30ba3dc4ffd17c28cc2d75d12e50df98f29cf,6.79,0,9000,5474
5/8/2023,0x833a4286e5bfd921129c6aff2620979adda264125b072c6af2963cfeeeb7f6cf,0x29469395eaf6f95920e59f858042f0e28d98a20b,DeGods,0xab2ff0e26c7efea613fda33a6c38f60eeaddb423,0x127ecf853f7c0d59e415a28354e482fd41604b4f,6.71,0,9000,9909
5/8/2023,0x7c91035143e9931be5f9c6fa3f991e7cc0a75a028b4b00ca3bb26a87bbe4e5eb,0x29469395eaf6f95920e59f858042f0e28d98a20b,DeGods,0x381f730007b59b4d4d94c66e2f9ff4754f8838db,0x899cd70ad8f1b9bdfc9a179e7f6dcab6f9caab41,6.61,0,9000,562
5/9/2023,0x337fdcd8bd7ef9187356bcb6b122dd8933fc977729d5212c0826eee80771290d,0x29469395eaf6f95920e59f858042f0e28d98a20b,DeGods,0x68c8bc6577c091dac3ea75c26594fd26f23e91f4,0xbbdd1b3c87c211e482cda98ea14fa8bf50022ca0,6.8,0,9000,8583
5/9/2023,0x3ca805a69ab95aae7c4c501ffa44dc87282813e332f70157dbc6d4e3c0da3724,0x29469395eaf6f95920e59f858042f0e28d98a20b,DeGods,0x68c8bc6577c091dac3ea75c26594fd26f23e91f4,0x445d3c311b4c7fe709f8f1f895194a1f4aedd5b3,6.8,0,9000,4012
5/8/2023,0xfc6188f1fa8fc8bd37c2d6145787386f4e46e5affcd643a53b9e13b93fe5bc66,0x29469395eaf6f95920e59f858042f0e28d98a20b,DeGods,0x68c8bc6577c091dac3ea75c26594fd26f23e91f4,0xb12f1f37767d19d63ca5a9889da95cb396c957eb,7.58,0.7,9000,3562
5/8/2023,0xa2c6fa0bed307b44bfc785ff67839d6764893365dfb0c9007539bf687c588f09,0x29469395eaf6f95920e59f858042f0e28d98a20b,DeGods,0x68c8bc6577c091dac3ea75c26594fd26f23e91f4,0x863e7aaded2b90a08802d362b7fbf228b65c5bc9,7.58,0.69,9000,8374
5/8/2023,0x413a785593e2d1a114e711eb96aeb64870eefcf49eb03055601405bfd0ae6f9c,0x29469395eaf6f95920e59f858042f0e28d98a20b,DeGods,0x68c8bc6577c091dac3ea75c26594fd26f23e91f4,0x127ecf853f7c0d59e415a28354e482fd41604b4f,6.8,0,9000,9274
5/8/2023,0x639669afe84ce729bd8d053eb773cf17a625844904c24a5f3c4a294a27f7959d,0x29469395eaf6f95920e59f858042f0e28d98a20b,DeGods,0x68c8bc6577c091dac3ea75c26594fd26f23e91f4,0x9f28152ae399a6f1b9760c04972de4f9303c0c9f,7.58,2,9000,9860
5/8/2023,0x9ad247fcf98259b82b210067737ec4455133b7cfed9e040a581d9ccad2cc96a0,0x29469395eaf6f95920e59f858042f0e28d98a20b,DeGods,0x68c8bc6577c091dac3ea75c26594fd26f23e91f4,0x14ff0bc9417b6796f79768729002a793b51205b8,6.95,0,9000,2443
5/9/2023,0xf38732a0506370f6e499e2fff312c78fa960053872c18daac5b8f8e62e58d161,0x29469395eaf6f95920e59f858042f0e28d98a20b,DeGods,0x8abf1ea4c05b326421f604cc825a23d44b04a584,0x84957e6c9f6ccfed9c35c850c3903732ed90858a,7.8,9.95,9000,8894
5/9/2023,0x4f8e9e7c478a30d898157d0224598368bdf761a0c110bc126c363335f63c492a,0x29469395eaf6f95920e59f858042f0e28d98a20b,DeGods,0x8abf1ea4c05b326421f604cc825a23d44b04a584,0x84957e6c9f6ccfed9c35c850c3903732ed90858a,7.8,9.95,9000,1413
5/9/2023,0x7eb0a5c2d89ec027ab53b9060af7139e1bf1018e5010e09b15870f52e957147a,0x29469395eaf6f95920e59f858042f0e28d98a20b,DeGods,0x8abf1ea4c05b326421f604cc825a23d44b04a584,0xd22f473a88430f626d60d70fd96d51b2e7190601,7.9,10,9000,246
5/9/2023,0xcc7ae79c1015b9fd700e5f7ddc34f61af00ca1c20bd346aa66cbaf886a7072bd,0x29469395eaf6f95920e59f858042f0e28d98a20b,DeGods,0xca940af6cc7109d62bfb162c961b74591680ec9c,0x51ae51ea0cea748c6dce1bebc50de352345fc822,6.6,0,9000,7785
5/9/2023,0xf6b1b9e0481d2ce3ddb52776ed3e1156a93d7d1f53d03803ce112ba7b6f34274,0x29469395eaf6f95920e59f858042f0e28d98a20b,DeGods,0xca940af6cc7109d62bfb162c961b74591680ec9c,0xc28d30dd716a40b0c19215b732ce7be0e80a5098,6.8,0,9000,1994
5/9/2023,0xa737ea1e730a155943061ce2df29451cb318546a506b42310664e0914ebc84a3,0x29469395eaf6f95920e59f858042f0e28d98a20b,DeGods,0xca940af6cc7109d62bfb162c961b74591680ec9c,0x127ecf853f7c0d59e415a28354e482fd41604b4f,6.73,0,9000,895
5/9/2023,0x8049e9d851124121910794c6647e88be77d300d21637e42fe6c17dbb40cbb5bf,0x29469395eaf6f95920e59f858042f0e28d98a20b,DeGods,0x26bcb16a88a9179efadc11b90e2a55ed8bd74b6c,0xc28d30dd716a40b0c19215b732ce7be0e80a5098,6.93,0.001,9000,246
5/9/2023,0x6504d4b188f3ac5746bfe278a9fc1786c6908cffe75d9532f67750268295b53f,0x29469395eaf6f95920e59f858042f0e28d98a20b,DeGods,0xfe42a5266ce7a21d2d0daffc2a1ab1677b1009fb,0x899cd70ad8f1b9bdfc9a179e7f6dcab6f9caab41,6.41,0,9000,5816
5/9/2023,0xe7f9f720ba6009d0865de346d3acc2d1c6608107d8187141255340be22e60edd,0x29469395eaf6f95920e59f858042f0e28d98a20b,DeGods,0xfe42a5266ce7a21d2d0daffc2a1ab1677b1009fb,0x41ccfe967411422765486d8247658fda999c3a40,6.41,0,9000,8894
5/9/2023,0xeb7f391c646ba8f9554691bd92f6994508abf84ac87a60b27477c597ff024c03,0x29469395eaf6f95920e59f858042f0e28d98a20b,DeGods,0xfe42a5266ce7a21d2d0daffc2a1ab1677b1009fb,0x41ccfe967411422765486d8247658fda999c3a40,6.41,0,9000,6615
5/9/2023,0x14f3a3e5f4cc8932f151a12d7d5b52b9af0f7894f3df2dc74b649c7e33955af9,0x29469395eaf6f95920e59f858042f0e28d98a20b,DeGods,0xfe42a5266ce7a21d2d0daffc2a1ab1677b1009fb,0x41ccfe967411422765486d8247658fda999c3a40,6.41,0,9000,6248
5/9/2023,0x218c8d073bb424bcc5c537db7d070fa6f2f360485cc5d829e2ebddd984d5de6f,0x29469395eaf6f95920e59f858042f0e28d98a20b,DeGods,0xfe42a5266ce7a21d2d0daffc2a1ab1677b1009fb,0x41ccfe967411422765486d8247658fda999c3a40,6.41,0,9000,3182
5/9/2023,0x44ca4f27748fbce2aa5c9642bfd643351b6cbd38f030d34d082ee0336d38e5b2,0x29469395eaf6f95920e59f858042f0e28d98a20b,DeGods,0xfe42a5266ce7a21d2d0daffc2a1ab1677b1009fb,0x445d3c311b4c7fe709f8f1f895194a1f4aedd5b3,5.76,0,9000,8829
5/9/2023,0xaf7bf6682be9e6044646e51365e5840033396a4cf599b9f3d4c76a786af30e54,0x29469395eaf6f95920e59f858042f0e28d98a20b,DeGods,0xfe42a5266ce7a21d2d0daffc2a1ab1677b1009fb,0x445d3c311b4c7fe709f8f1f895194a1f4aedd5b3,5.76,0,9000,3275
5/9/2023,0x7234e82902ab1431d7d8f3eaea08fe06fd5a791d5939f21520d9f0b94bf49415,0x29469395eaf6f95920e59f858042f0e28d98a20b,DeGods,0xfe42a5266ce7a21d2d0daffc2a1ab1677b1009fb,0x2c5ea6eb54298666fec09596b25de96d41dc320d,6.5,0,9000,1906
5/9/2023,0x0bb9d839f1b0a489ccba8153f0d9bfa19a6c032107956732670c0e4919994c0f,0x29469395eaf6f95920e59f858042f0e28d98a20b,DeGods,0xfe42a5266ce7a21d2d0daffc2a1ab1677b1009fb,0x4ec815390fb3dc176133d64af101f2d5cd7d315f,5.64,0,9000,230
5/9/2023,0x28a9458eb0a90aeacd5b40f3a5148a3149c768bb3037f83fbee8eeee65da1764,0x29469395eaf6f95920e59f858042f0e28d98a20b,DeGods,0xfe42a5266ce7a21d2d0daffc2a1ab1677b1009fb,0x7586834e655ee2de6357b2c8423b76efc5fbcc6b,6.6,0,9000,4399
5/9/2023,0x22c90580dae3d1fe8afd999924d2bb8335ffd3231e266260cfcfe0cf52e2669d,0x29469395eaf6f95920e59f858042f0e28d98a20b,DeGods,0xfe42a5266ce7a21d2d0daffc2a1ab1677b1009fb,0x2c5ea6eb54298666fec09596b25de96d41dc320d,6.5,0,9000,2400
5/9/2023,0x5c4e68b60a4a0f4e50e537f6733ec3d214bfd988337065afc9de88a4b2a49f0a,0x29469395eaf6f95920e59f858042f0e28d98a20b,DeGods,0xfe42a5266ce7a21d2d0daffc2a1ab1677b1009fb,0x31a8870c4e6b67d114a35d9784587b35b1989125,5.96,0,9000,8555
5/9/2023,0xe83070f48ade2a8b88c679e4f85cbe4ced89098f55830662034f0285b0906b8d,0x29469395eaf6f95920e59f858042f0e28d98a20b,DeGods,0xfe42a5266ce7a21d2d0daffc2a1ab1677b1009fb,0x31a8870c4e6b67d114a35d9784587b35b1989125,5.96,0,9000,6537
5/9/2023,0xce5778bb2cec14d8b270ff08801972fff0d5d4a86dfe0d210c413bfcd6cce2dd,0x29469395eaf6f95920e59f858042f0e28d98a20b,DeGods,0x26bcb16a88a9179efadc11b90e2a55ed8bd74b6c,0x127ecf853f7c0d59e415a28354e482fd41604b4f,6.72,0,9000,9562
5/9/2023,0xa97767072ad5cb812916249b4db043b093f9ab67e2436bb4f437e5baeb0d8593,0x29469395eaf6f95920e59f858042f0e28d98a20b,DeGods,0x8abf1ea4c05b326421f604cc825a23d44b04a584,0xb2b58d8d7dc287c5f30a54fe0a4643cf789198ed,6.56,0,9000,952
5/9/2023,0x13f7cdcee2d28eabba3d6cbc965efd444e974a234fba87e8c3653cb0b4ddeee0,0x29469395eaf6f95920e59f858042f0e28d98a20b,DeGods,0x8abf1ea4c05b326421f604cc825a23d44b04a584,0xb2b58d8d7dc287c5f30a54fe0a4643cf789198ed,6.56,0,9000,315
5/9/2023,0xe64ecd112c3e33fcc1a82ce17e4fed283fb023c374b9dd47efdfb3c06f0a125a,0x29469395eaf6f95920e59f858042f0e28d98a20b,DeGods,0x7daef0084b8bb7f845e4d7ec0bdf4bb0992c0621,0xab69b3acf7e27482792eb906955a291dc5a7a23e,8.4,9.9,9000,566
5/9/2023,0xe6d22e19f725dbca4c2cd960df97411644a4ef0a481755c4c2297b63d6ca9b9e,0x29469395eaf6f95920e59f858042f0e28d98a20b,DeGods,0x26bcb16a88a9179efadc11b90e2a55ed8bd74b6c,0xb06114b9997a4a16a078c4107d8eba74a869be4e,7.54,0.73,9000,5391
5/9/2023,0x41a71ac90cbf836511a7f5a5146ceabecf410cde7b4eda31fa411fe40f26416b,0x29469395eaf6f95920e59f858042f0e28d98a20b,DeGods,0x26bcb16a88a9179efadc11b90e2a55ed8bd74b6c,0xbccf9025a0e2f6aad7e18972d754aaca38a4f847,6.73,0,9000,2765
5/9/2023,0xea664a2b1c49ee9fc4ec29484bb6308c15fa47c6a3bd947952c56297e75db2af,0x29469395eaf6f95920e59f858042f0e28d98a20b,DeGods,0xf256be9ad98f865eca928b30ef65b022e4e0ebd0,0xb06114b9997a4a16a078c4107d8eba74a869be4e,7.3,0.798,9000,7190
5/9/2023,0xc56946d4c79a2645f7aae158607faf0da8764356ec11e6bb3ca89b2910e4c1b4,0x29469395eaf6f95920e59f858042f0e28d98a20b,DeGods,0xba1ba61ff159422bcb07f78017186624e94e6936,0x127ecf853f7c0d59e415a28354e482fd41604b4f,6.73,0,9000,6758
5/9/2023,0x742fcb3120abe200ccdb46bb566bb5b00890d85a85bd7b518e848bad7ee23a18,0x29469395eaf6f95920e59f858042f0e28d98a20b,DeGods,0xe17c90be91e9576e15e8ffd8d46559d3bd33bb88,0x127ecf853f7c0d59e415a28354e482fd41604b4f,6.64,0,9000,5497
5/9/2023,0xb13d54f1e95539ae5e88470ff2e0a559e99a13693833281ef083d885be71b254,0x29469395eaf6f95920e59f858042f0e28d98a20b,DeGods,0x5f1ee29361206f1a129e808736f11598356c6031,0x1e9b0ce14b52a94e102ddf8a5bd9421b3502c10c,6.73,0,9000,8006
5/9/2023,0x80bda432e1c42deb914d63ec7fd64575889552e8b36d0f9c416c67eae9bd4219,0x29469395eaf6f95920e59f858042f0e28d98a20b,DeGods,0x5f1ee29361206f1a129e808736f11598356c6031,0x2e26fa722c032ed0b6068bbd7aa9c017e4d52759,6.81,0.001,9000,8810
5/9/2023,0xb45c3780fd080b33b8224496cc5b7deee6efb581b2ff97bba4f438a3cc5b51a0,0x29469395eaf6f95920e59f858042f0e28d98a20b,DeGods,0xe17c90be91e9576e15e8ffd8d46559d3bd33bb88,0xe76e4689de4bd8ee34ab3b6d1cf8cb0a80d4e048,6.8,0,9000,1413
5/9/2023,0xda6de2615a7b25e300c08cb0aa5cfdd6043af0e78355db7d94b3eb52d5bd3c6c,0x29469395eaf6f95920e59f858042f0e28d98a20b,DeGods,0xe17c90be91e9576e15e8ffd8d46559d3bd33bb88,0xcbb0fe555f61d23427740984325b4583a4a34c82,6.8,0,9000,18
5/9/2023,0x86fbe3dcfeda96c9c2b02ef84e1b0281eadb726e286922345e87a0ed53efde57,0x29469395eaf6f95920e59f858042f0e28d98a20b,DeGods,0x5b5e369190709cafd6840fbcd14092821da1b49f,0x551b30bc933e26e098bd2e68d436c24ed39b7312,5.17,0,9000,3605
5/9/2023,0x8846306dd5df815107a8f9ceda8681e489dd8be64a9d2490b42bcb380e249e4f,0x29469395eaf6f95920e59f858042f0e28d98a20b,DeGods,0x5b5e369190709cafd6840fbcd14092821da1b49f,0x551b30bc933e26e098bd2e68d436c24ed39b7312,5.17,0,9000,4297
5/9/2023,0x94a4bb2641d8f96cb54ebee0817c12abf9fdc0a8af6c7ff259d239c6b0ea106f,0x29469395eaf6f95920e59f858042f0e28d98a20b,DeGods,0x5814c5e259066f7280228be72f0a63f7f08b2651,0x73d30ba3dc4ffd17c28cc2d75d12e50df98f29cf,6.4,0,9000,4712
5/9/2023,0x4c96463b11bb31afdd194948ab0c00e18c2ab2f495c055aed480005ae5e047d8,0x29469395eaf6f95920e59f858042f0e28d98a20b,DeGods,0x5814c5e259066f7280228be72f0a63f7f08b2651,0x9bd03673f9f3db5037cd839e96675b047eed143f,7.79,0.3,9000,4712
5/9/2023,0xf8e9aa5561ee039f76839ef39d87b6a753c8ea86f0c2089118c448bf82039a24,0x29469395eaf6f95920e59f858042f0e28d98a20b,DeGods,0x5814c5e259066f7280228be72f0a63f7f08b2651,0x445d3c311b4c7fe709f8f1f895194a1f4aedd5b3,6.73,0,9000,5137
5/9/2023,0x674fa41f5dfc800512942cfd350bfc09856edb689577e31b8fa8372981e3105d,0x29469395eaf6f95920e59f858042f0e28d98a20b,DeGods,0x0d3c65648baddff4488b7867a043436bc6842ade,0x515299b1a2637181ec95a3efeaa42a466195a40f,6.56,0,9000,6061
5/9/2023,0xbec1881a6230d497cac049abc4c7a7b0d1db53bf1b7d8d5145414b65c15574f8,0x29469395eaf6f95920e59f858042f0e28d98a20b,DeGods,0x0d3c65648baddff4488b7867a043436bc6842ade,0x445d3c311b4c7fe709f8f1f895194a1f4aedd5b3,6.48,0,9000,266
5/9/2023,0x8d31265115988c84a30fc9b1a4f96fa201340cd07d611a9edbbd47f5c0e92374,0x29469395eaf6f95920e59f858042f0e28d98a20b,DeGods,0x26bcb16a88a9179efadc11b90e2a55ed8bd74b6c,0x9bd03673f9f3db5037cd839e96675b047eed143f,7.79,0.3,9000,9562
5/9/2023,0xe864a90ef76c79dc7755fef6bc4e82948c563e70a6b0dbbd57f2c49836141747,0x29469395eaf6f95920e59f858042f0e28d98a20b,DeGods,0x26bcb16a88a9179efadc11b90e2a55ed8bd74b6c,0x9bd03673f9f3db5037cd839e96675b047eed143f,7.79,0.3,9000,2051
5/9/2023,0xa1588c30a66cf00c43680d4117246e315b36cbf0c198556c9fe60f0305ba453e,0x29469395eaf6f95920e59f858042f0e28d98a20b,DeGods,0x68c8bc6577c091dac3ea75c26594fd26f23e91f4,0xd99c5a40ac5f3ac28a8620e9b7fd3b8a074ddb33,8.2,0.01,9000,9860
5/9/2023,0xae64b5cae6073d7f2e3c1cacdbdf6b4293c7e34fca3f30f1eaba42e0477c0a5a,0x29469395eaf6f95920e59f858042f0e28d98a20b,DeGods,0xaf166be1c16be6564df5d1566eb98ce79d491d27,0x9bd03673f9f3db5037cd839e96675b047eed143f,7.61,0.3,9000,3562
5/9/2023,0x55a744919d5245b6d389a9d5de2ef9cae7e5df2ecc0ac781f8465283801c731d,0x29469395eaf6f95920e59f858042f0e28d98a20b,DeGods,0xb06114b9997a4a16a078c4107d8eba74a869be4e,0xb610bcc876650528c83f931727d625dc91905fbd,7.38,0,9000,4712
5/9/2023,0x172527d6c7c5aa4361ca6de006d7faab23ab8eabeb45bd39c8f21001c61ff943,0x29469395eaf6f95920e59f858042f0e28d98a20b,DeGods,0x68c8bc6577c091dac3ea75c26594fd26f23e91f4,0x9bd03673f9f3db5037cd839e96675b047eed143f,7.79,0.3,9000,6888
5/9/2023,0xc7e3aa81081149c0815903a127f53039c7b3fc6d79c023370ba8519f4ecf6074,0x29469395eaf6f95920e59f858042f0e28d98a20b,DeGods,0xfe42a5266ce7a21d2d0daffc2a1ab1677b1009fb,0x20e44fccfefc2215e8ffa6cd9cbddd6eaafdb999,6.43,0,9000,266
5/9/2023,0x2504c33f4f36cb4fdaed069c1a6c8b0183ccaaad5580734b8dadf3d4cd41b7c6,0x29469395eaf6f95920e59f858042f0e28d98a20b,DeGods,0xfe42a5266ce7a21d2d0daffc2a1ab1677b1009fb,0xa395dcfac017afc771fda1cc2424cb72a84725f5,6.3,0,9000,8374
5/9/2023,0xd895171a3000d007509234691d40724e3d7bf96da31f4e7cd9a337b249c557c9,0x29469395eaf6f95920e59f858042f0e28d98a20b,DeGods,0xfe42a5266ce7a21d2d0daffc2a1ab1677b1009fb,0xa395dcfac017afc771fda1cc2424cb72a84725f5,6.3,0,9000,6592
5/9/2023,0xd62ec4919a96f195973489c1e7a0169024e8822a294b0c7c3a3d246c2223694a,0x29469395eaf6f95920e59f858042f0e28d98a20b,DeGods,0xfe42a5266ce7a21d2d0daffc2a1ab1677b1009fb,0xffba913bb056544b75e57312ec3eae2528c285e1,6.46,0,9000,8810
5/9/2023,0x85f98a349163440bccd76bf187995e235486d64d428c59fcde4f7a1659789976,0x29469395eaf6f95920e59f858042f0e28d98a20b,DeGods,0xfe42a5266ce7a21d2d0daffc2a1ab1677b1009fb,0xffba913bb056544b75e57312ec3eae2528c285e1,6.46,0,9000,8419
5/9/2023,0x2d34707b28c9fb8515e659b29718fefaf2624d32c818262966687fd6070d5f93,0x29469395eaf6f95920e59f858042f0e28d98a20b,DeGods,0xfe42a5266ce7a21d2d0daffc2a1ab1677b1009fb,0xffba913bb056544b75e57312ec3eae2528c285e1,6.46,0,9000,8006
5/9/2023,0x7c2bfc8c24206e879899f0b60fa4ec3f982d0f3e0659c3e2a96d06dda753ca68,0x29469395eaf6f95920e59f858042f0e28d98a20b,DeGods,0xfe42a5266ce7a21d2d0daffc2a1ab1677b1009fb,0xffba913bb056544b75e57312ec3eae2528c285e1,6.46,0,9000,6400
5/9/2023,0x7f34d9d245df747ac1a9831aeb2fa803120836400d138a7fd4b2cb16bb0c1f44,0x29469395eaf6f95920e59f858042f0e28d98a20b,DeGods,0xfe42a5266ce7a21d2d0daffc2a1ab1677b1009fb,0xd42787bf70ca6c46bad3cc8edf7de2e2524e6628,6.72,0,9000,6758
5/9/2023,0xaa9c2e299303bc49704f92f3adbbe243ff989be6fa6f7bc2f6bdeb297f378348,0x29469395eaf6f95920e59f858042f0e28d98a20b,DeGods,0xfe42a5266ce7a21d2d0daffc2a1ab1677b1009fb,0xf8a11e7bc7c9306e821f07b60b5e6d2075d82ff4,6.8,0,9000,8929
5/9/2023,0x58dc9212bf6a1f72515c35ed0b5365eb2bb6d7e90caf845bb4863ac0501fe92a,0x29469395eaf6f95920e59f858042f0e28d98a20b,DeGods,0xfe42a5266ce7a21d2d0daffc2a1ab1677b1009fb,0x20e44fccfefc2215e8ffa6cd9cbddd6eaafdb999,6.8,0,9000,9074
5/9/2023,0xae729a5d2b4d12c1cf908b582f11ed2158187a63493893421d4a6776dcb33f18,0x29469395eaf6f95920e59f858042f0e28d98a20b,DeGods,0xfe42a5266ce7a21d2d0daffc2a1ab1677b1009fb,0xfa0e027fcb7ce300879f3729432cd505826eaabc,6.865,0,9000,5526
5/9/2023,0x32fa9495ac287379d9ee069ee3c0d1b20e25402114fd35cf03714febfdf2b79d,0x29469395eaf6f95920e59f858042f0e28d98a20b,DeGods,0xfe42a5266ce7a21d2d0daffc2a1ab1677b1009fb,0xfa0e027fcb7ce300879f3729432cd505826eaabc,6.865,0,9000,3974
5/9/2023,0x4ed2a9108be0ae25d8cee0cf36d0aa6cf60e9bc4dbabdaa6d54c8ba10be2507f,0x29469395eaf6f95920e59f858042f0e28d98a20b,DeGods,0xd9dae1402a885aaa97f10decc9a9df212bdca26f,0x9bd03673f9f3db5037cd839e96675b047eed143f,7.76,0.301,9000,7131
5/9/2023,0x0360bfc0d8b109eee7075862a318dc7be2aed83d52c80a30f36a0e7b8db68647,0x29469395eaf6f95920e59f858042f0e28d98a20b,DeGods,0xd9dae1402a885aaa97f10decc9a9df212bdca26f,0x9bd03673f9f3db5037cd839e96675b047eed143f,7.76,0.301,9000,9802
5/9/2023,0xb72b8f940f9ac5e2cf45af78ef1b838aa2715a60cb0a3bf781be47a2e36a2e06,0x29469395eaf6f95920e59f858042f0e28d98a20b,DeGods,0xd9dae1402a885aaa97f10decc9a9df212bdca26f,0xfa0e027fcb7ce300879f3729432cd505826eaabc,6.96,0,9000,755
5/9/2023,0x166a281af54a0da6eebb9c3120cc489b587a516d6667405c6ae5c1cefce5f290,0x29469395eaf6f95920e59f858042f0e28d98a20b,DeGods,0xd9dae1402a885aaa97f10decc9a9df212bdca26f,0xbb41dd49254e8b9d631b835062392a460081734d,6.96,0,9000,6464
5/9/2023,0xd53223202c4ab281e5aef926267faa7ae87f2e7a9082f1295965129311bbf04f,0x29469395eaf6f95920e59f858042f0e28d98a20b,DeGods,0xd9dae1402a885aaa97f10decc9a9df212bdca26f,0x5b5e369190709cafd6840fbcd14092821da1b49f,7.08,0.55,9000,1039
5/9/2023,0xab667116151829d3f6bbc2600ca3447ea9458097903cf70c905c09133aaf1e68,0x29469395eaf6f95920e59f858042f0e28d98a20b,DeGods,0xd9dae1402a885aaa97f10decc9a9df212bdca26f,0xfa0e027fcb7ce300879f3729432cd505826eaabc,7,0,9000,8831
5/9/2023,0xab66ba003a35f48b47af64599c6da36752f073b53908ba262b1b1d9c78e9a6c3,0x29469395eaf6f95920e59f858042f0e28d98a20b,DeGods,0xd9dae1402a885aaa97f10decc9a9df212bdca26f,0xfa0e027fcb7ce300879f3729432cd505826eaabc,6.96,0,9000,7085
5/9/2023,0x87073cbfe69acdeeef9870f2164aa6fc208151a30ef133393d8b33c10a3ae40a,0x29469395eaf6f95920e59f858042f0e28d98a20b,DeGods,0xd9dae1402a885aaa97f10decc9a9df212bdca26f,0xfa0e027fcb7ce300879f3729432cd505826eaabc,6.96,0,9000,6041
5/9/2023,0x903c8cf197a0b91d6d040d32016e85ea1f8366357d20b56683ad06ad8fd7ec92,0x29469395eaf6f95920e59f858042f0e28d98a20b,DeGods,0x77e3e957082ca648c1c5b0f3e6aec00ab1245186,0x2e26fa722c032ed0b6068bbd7aa9c017e4d52759,6.88,0.002,9000,4641
,,,,,,,,,
,,,,,,,,,
,,,,,,,,,
,,,,,,,,,
,,,,,,,,,
,,,,,,,,,
,,,,,,,,,
,,,,,,,,,
,,,,,,,,,
,,,,,,,,,
,,,,,,,,,
,,,,,,,,,
,,,,,,,,,
,,,,,,,,,
,,,,,,,,,
,,,,,,,,,
,,,,,,,,,
,,,,,,,,,
,,,,,,,,,
,,,,,,,,,
,,,,,,,,,
,,,,,,,,,
,,,,,,,,,
,,,,,,,,,
,,,,,,,,,
,,,,,,,,,
,,,,,,,,,
,,,,,,,,,
,,,,,,,,,
,,,,,,,,,
,,,,,,,,,
,,,,,,,,,
,,,,,,,,,
,,,,,,,,,
,,,,,,,,,
,,,,,,,,,
,,,,,,,,,
,,,,,,,,,
,,,,,,,,,
,,,,,,,,,
,,,,,,,,,
,,,,,,,,,
,,,,,,,,,
,,,,,,,,,
,,,,,,,,,
,,,,,,,,,
,,,,,,,,,
,,,,,,,,,
,,,,,,,,,
,,,,,,,,,
,,,,,,,,,
,,,,,,,,,
,,,,,,,,,
,,,,,,,,,
,,,,,,,,,
,,,,,,,,,
,,,,,,,,,
,,,,,,,,,
,,,,,,,,,
,,,,,,,,,
,,,,,,,,,
,,,,,,,,,
,,,,,,,,,
,,,,,,,,,
,,,,,,,,,
,,,,,,,,,
,,,,,,,,,
,,,,,,,,,
,,,,,,,,,
,,,,,,,,,
,,,,,,,,,
,,,,,,,,,
,,,,,,,,,
,,,,,,,,,
,,,,,,,,,
,,,,,,,,,
,,,,,,,,,
,,,,,,,,,
,,,,,,,,,
,,,,,,,,,
,,,,,,,,,
,,,,,,,,,
,,,,,,,,,
,,,,,,,,,
,,,,,,,,,
,,,,,,,,,
,,,,,,,,,
,,,,,,,,,
,,,,,,,,,
,,,,,,,,,
,,,,,,,,,
,,,,,,,,,
,,,,,,,,,
,,,,,,,,,
,,,,,,,,,
,,,,,,,,,
,,,,,,,,,
,,,,,,,,,
,,,,,,,,,
,,,,,,,,,
,,,,,,,,,
,,,,,,,,,
,,,,,,,,,
,,,,,,,,,
,,,,,,,,,
,,,,,,,,,
,,,,,,,,,
,,,,,,,,,
,,,,,,,,,
,,,,,,,,,
,,,,,,,,,
,,,,,,,,,
,,,,,,,,,
,,,,,,,,,
,,,,,,,,,
,,,,,,,,,
,,,,,,,,,
,,,,,,,,,
,,,,,,,,,
,,,,,,,,,
,,,,,,,,,
,,,,,,,,,
,,,,,,,,,
,,,,,,,,,
,,,,,,,,,
,,,,,,,,,
,,,,,,,,,
,,,,,,,,,
,,,,,,,,,
,,,,,,,,,
,,,,,,,,,
,,,,,,,,,
,,,,,,,,,
,,,,,,,,,
,,,,,,,,,
,,,,,,,,,
,,,,,,,,,
,,,,,,,,,
,,,,,,,,,
,,,,,,,,,
,,,,,,,,,
,,,,,,,,,
,,,,,,,,,
,,,,,,,,,
,,,,,,,,,
,,,,,,,,,
,,,,,,,,,
,,,,,,,,,
,,,,,,,,,
,,,,,,,,,
,,,,,,,,,
,,,,,,,,,
,,,,,,,,,
,,,,,,,,,
,,,,,,,,,
,,,,,,,,,
,,,,,,,,,
,,,,,,,,,
,,,,,,,,,
,,,,,,,,,
,,,,,,,,,
,,,,,,,,,
,,,,,,,,,
,,,,,,,,,
,,,,,,,,,
,,,,,,,,,
,,,,,,,,,
,,,,,,,,,
,,,,,,,,,
,,,,,,,,,
,,,,,,,,,
,,,,,,,,,
,,,,,,,,,
,,,,,,,,,
,,,,,,,,,
,,,,,,,,,
,,,,,,,,,
,,,,,,,,,
,,,,,,,,,
,,,,,,,,,
,,,,,,,,,
,,,,,,,,,
,,,,,,,,,
,,,,,,,,,
,,,,,,,,,
,,,,,,,,,
,,,,,,,,,
,,,,,,,,,
,,,,,,,,,
,,,,,,,,,
,,,,,,,,,
,,,,,,,,,
,,,,,,,,,
,,,,,,,,,
,,,,,,,,,
,,,,,,,,,
,,,,,,,,,
,,,,,,,,,
,,,,,,,,,
,,,,,,,,,
,,,,,,,,,
,,,,,,,,,
,,,,,,,,,
,,,,,,,,,
,,,,,,,,,
,,,,,,,,,
,,,,,,,,,
,,,,,,,,,
,,,,,,,,,
,,,,,,,,,
,,,,,,,,,
,,,,,,,,,
,,,,,,,,,
,,,,,,,,,
,,,,,,,,,
,,,,,,,,,
,,,,,,,,,
,,,,,,,,,
,,,,,,,,,
,,,,,,,,,
,,,,,,,,,
,,,,,,,,,
,,,,,,,,,
,,,,,,,,,
,,,,,,,,,
,,,,,,,,,
,,,,,,,,,
,,,,,,,,,
,,,,,,,,,
,,,,,,,,,
,,,,,,,,,
,,,,,,,,,
,,,,,,,,,
,,,,,,,,,
,,,,,,,,,
,,,,,,,,,
,,,,,,,,,
,,,,,,,,,
,,,,,,,,,
,,,,,,,,,
,,,,,,,,,
,,,,,,,,,
,,,,,,,,,
,,,,,,,,,
,,,,,,,,,
,,,,,,,,,
,,,,,,,,,
,,,,,,,,,
,,,,,,,,,
,,,,,,,,,
,,,,,,,,,
,,,,,,,,,
,,,,,,,,,
,,,,,,,,,
,,,,,,,,,
,,,,,,,,,
,,,,,,,,,
,,,,,,,,,
,,,,,,,,,
,,,,,,,,,
,,,,,,,,,
,,,,,,,,,
,,,,,,,,,
,,,,,,,,,
,,,,,,,,,
,,,,,,,,,
,,,,,,,,,
,,,,,,,,,
,,,,,,,,,
,,,,,,,,,
,,,,,,,,,
,,,,,,,,,
,,,,,,,,,
,,,,,,,,,
,,,,,,,,,
,,,,,,,,,
,,,,,,,,,
,,,,,,,,,
,,,,,,,,,
,,,,,,,,,
,,,,,,,,,
,,,,,,,,,
,,,,,,,,,
,,,,,,,,,
,,,,,,,,,
,,,,,,,,,
,,,,,,,,,
,,,,,,,,,
,,,,,,,,,
,,,,,,,,,
,,,,,,,,,
,,,,,,,,,
,,,,,,,,,
,,,,,,,,,
,,,,,,,,,
,,,,,,,,,
,,,,,,,,,
,,,,,,,,,
,,,,,,,,,
,,,,,,,,,
,,,,,,,,,
,,,,,,,,,
,,,,,,,,,
,,,,,,,,,
,,,,,,,,,
,,,,,,,,,
,,,,,,,,,
,,,,,,,,,
,,,,,,,,,
,,,,,,,,,
,,,,,,,,,
,,,,,,,,,
,,,,,,,,,
,,,,,,,,,
,,,,,,,,,
,,,,,,,,,
,,,,,,,,,
,,,,,,,,,
,,,,,,,,,
,,,,,,,,,
,,,,,,,,,
,,,,,,,,,
,,,,,,,,,
,,,,,,,,,
,,,,,,,,,
,,,,,,,,,
,,,,,,,,,
,,,,,,,,,
,,,,,,,,,
,,,,,,,,,
,,,,,,,,,
,,,,,,,,,
,,,,,,,,,
,,,,,,,,,
,,,,,,,,,
,,,,,,,,,
,,,,,,,,,
,,,,,,,,,
,,,,,,,,,
,,,,,,,,,
,,,,,,,,,
,,,,,,,,,
,,,,,,,,,
,,,,,,,,,
,,,,,,,,,
,,,,,,,,,
,,,,,,,,,
,,,,,,,,,
,,,,,,,,,
,,,,,,,,,
,,,,,,,,,
,,,,,,,,,
,,,,,,,,,
,,,,,,,,,
,,,,,,,,,
,,,,,,,,,
,,,,,,,,,
,,,,,,,,,
,,,,,,,,,
,,,,,,,,,
,,,,,,,,,
,,,,,,,,,
,,,,,,,,,
,,,,,,,,,
,,,,,,,,,
,,,,,,,,,
,,,,,,,,,
,,,,,,,,,
,,,,,,,,,
,,,,,,,,,
,,,,,,,,,
,,,,,,,,,
,,,,,,,,,
,,,,,,,,,
,,,,,,,,,
,,,,,,,,,
,,,,,,,,,
,,,,,,,,,
,,,,,,,,,
,,,,,,,,,
,,,,,,,,,
,,,,,,,,,
,,,,,,,,,
,,,,,,,,,
,,,,,,,,,
,,,,,,,,,
,,,,,,,,,
,,,,,,,,,
,,,,,,,,,
,,,,,,,,,
,,,,,,,,,
,,,,,,,,,
,,,,,,,,,
,,,,,,,,,
,,,,,,,,,
,,,,,,,,,
,,,,,,,,,
,,,,,,,,,
,,,,,,,,,
,,,,,,,,,
,,,,,,,,,
,,,,,,,,,
,,,,,,,,,
,,,,,,,,,
,,,,,,,,,
,,,,,,,,,
,,,,,,,,,
,,,,,,,,,
,,,,,,,,,
,,,,,,,,,
,,,,,,,,,
,,,,,,,,,
,,,,,,,,,
,,,,,,,,,
,,,,,,,,,
,,,,,,,,,
,,,,,,,,,
,,,,,,,,,
,,,,,,,,,
,,,,,,,,,
,,,,,,,,,
,,,,,,,,,
,,,,,,,,,
,,,,,,,,,
,,,,,,,,,
,,,,,,,,,
,,,,,,,,,
,,,,,,,,,
,,,,,,,,,
,,,,,,,,,
,,,,,,,,,
,,,,,,,,,
,,,,,,,,,
,,,,,,,,,
,,,,,,,,,
,,,,,,,,,
,,,,,,,,,
,,,,,,,,,
,,,,,,,,,
,,,,,,,,,
,,,,,,,,,
,,,,,,,,,
,,,,,,,,,
,,,,,,,,,
,,,,,,,,,
,,,,,,,,,
,,,,,,,,,
,,,,,,,,,
,,,,,,,,,
,,,,,,,,,
,,,,,,,,,
,,,,,,,,,
,,,,,,,,,
,,,,,,,,,
,,,,,,,,,
,,,,,,,,,
,,,,,,,,,
,,,,,,,,,
,,,,,,,,,
,,,,,,,,,
,,,,,,,,,
,,,,,,,,,
,,,,,,,,,
,,,,,,,,,
,,,,,,,,,
,,,,,,,,,
,,,,,,,,,
,,,,,,,,,
,,,,,,,,,
,,,,,,,,,
,,,,,,,,,
,,,,,,,,,
,,,,,,,,,
,,,,,,,,,
,,,,,,,,,
,,,,,,,,,
,,,,,,,,,
,,,,,,,,,
,,,,,,,,,
,,,,,,,,,
,,,,,,,,,
,,,,,,,,,
,,,,,,,,,
,,,,,,,,,
,,,,,,,,,
,,,,,,,,,
,,,,,,,,,
,,,,,,,,,
,,,,,,,,,
,,,,,,,,,
,,,,,,,,,
,,,,,,,,,
,,,,,,,,,
,,,,,,,,,
,,,,,,,,,
,,,,,,,,,
,,,,,,,,,
,,,,,,,,,
,,,,,,,,,
,,,,,,,,,
,,,,,,,,,
,,,,,,,,,
,,,,,,,,,
,,,,,,,,,
,,,,,,,,,
,,,,,,,,,
,,,,,,,,,
,,,,,,,,,
,,,,,,,,,
,,,,,,,,,
,,,,,,,,,
,,,,,,,,,
,,,,,,,,,
,,,,,,,,,
,,,,,,,,,
,,,,,,,,,
,,,,,,,,,
,,,,,,,,,
,,,,,,,,,
,,,,,,,,,
,,,,,,,,,
,,,,,,,,,
,,,,,,,,,
,,,,,,,,,
,,,,,,,,,
,,,,,,,,,
,,,,,,,,,
,,,,,,,,,
,,,,,,,,,
,,,,,,,,,
,,,,,,,,,
,,,,,,,,,
,,,,,,,,,
,,,,,,,,,
,,,,,,,,,
,,,,,,,,,
,,,,,,,,,
,,,,,,,,,
,,,,,,,,,
,,,,,,,,,
,,,,,,,,,
,,,,,,,,,
,,,,,,,,,
,,,,,,,,,
,,,,,,,,,
,,,,,,,,,
,,,,,,,,,
,,,,,,,,,
,,,,,,,,,
,,,,,,,,,
,,,,,,,,,
,,,,,,,,,
,,,,,,,,,
,,,,,,,,,
,,,,,,,,,
,,,,,,,,,
,,,,,,,,,
,,,,,,,,,
,,,,,,,,,
,,,,,,,,,
,,,,,,,,,
,,,,,,,,,
,,,,,,,,,
,,,,,,,,,
,,,,,,,,,
,,,,,,,,,
,,,,,,,,,
,,,,,,,,,
,,,,,,,,,
,,,,,,,,,
,,,,,,,,,
,,,,,,,,,
,,,,,,,,,
,,,,,,,,,
,,,,,,,,,
,,,,,,,,,
,,,,,,,,,
,,,,,,,,,
,,,,,,,,,
,,,,,,,,,
,,,,,,,,,
,,,,,,,,,
,,,,,,,,,
,,,,,,,,,
,,,,,,,,,
,,,,,,,,,
,,,,,,,,,
,,,,,,,,,
,,,,,,,,,
,,,,,,,,,
,,,,,,,,,
,,,,,,,,,
,,,,,,,,,
,,,,,,,,,
,,,,,,,,,
,,,,,,,,,
,,,,,,,,,
,,,,,,,,,
,,,,,,,,,
,,,,,,,,,
,,,,,,,,,
,,,,,,,,,
,,,,,,,,,
,,,,,,,,,
,,,,,,,,,
,,,,,,,,,
,,,,,,,,,
,,,,,,,,,
,,,,,,,,,
,,,,,,,,,
,,,,,,,,,
,,,,,,,,,
,,,,,,,,,
,,,,,,,,,
,,,,,,,,,
,,,,,,,,,
,,,,,,,,,
,,,,,,,,,
,,,,,,,,,
,,,,,,,,,
,,,,,,,,,
,,,,,,,,,
,,,,,,,,,
,,,,,,,,,
,,,,,,,,,
,,,,,,,,,
,,,,,,,,,
,,,,,,,,,
,,,,,,,,,
,,,,,,,,,
,,,,,,,,,
,,,,,,,,,
,,,,,,,,,
,,,,,,,,,
,,,,,,,,,
,,,,,,,,,
,,,,,,,,,
,,,,,,,,,
,,,,,,,,,
,,,,,,,,,
,,,,,,,,,
,,,,,,,,,
,,,,,,,,,
,,,,,,,,,
,,,,,,,,,
,,,,,,,,,
,,,,,,,,,
,,,,,,,,,
,,,,,,,,,
,,,,,,,,,
,,,,,,,,,
,,,,,,,,,
,,,,,,,,,
,,,,,,,,,
,,,,,,,,,
,,,,,,,,,
,,,,,,,,,
,,,,,,,,,
,,,,,,,,,
,,,,,,,,,
,,,,,,,,,
,,,,,,,,,
,,,,,,,,,
,,,,,,,,,
,,,,,,,,,
,,,,,,,,,
,,,,,,,,,
,,,,,,,,,
,,,,,,,,,
,,,,,,,,,
,,,,,,,,,
,,,,,,,,,
,,,,,,,,,
,,,,,,,,,
,,,,,,,,,
,,,,,,,,,
,,,,,,,,,
,,,,,,,,,
,,,,,,,,,
,,,,,,,,,
,,,,,,,,,
,,,,,,,,,
,,,,,,,,,
,,,,,,,,,
,,,,,,,,,
,,,,,,,,,
,,,,,,,,,
,,,,,,,,,
,,,,,,,,,
,,,,,,,,,
,,,,,,,,,
,,,,,,,,,
,,,,,,,,,
,,,,,,,,,
,,,,,,,,,
,,,,,,,,,
,,,,,,,,,
,,,,,,,,,
,,,,,,,,,
,,,,,,,,,
,,,,,,,,,
,,,,,,,,,
,,,,,,,,,
,,,,,,,,,
,,,,,,,,,
,,,,,,,,,
,,,,,,,,,
,,,,,,,,,
,,,,,,,,,
,,,,,,,,,
,,,,,,,,,
,,,,,,,,,
,,,,,,,,,
,,,,,,,,,
,,,,,,,,,
,,,,,,,,,
,,,,,,,,,
,,,,,,,,,
,,,,,,,,,
,,,,,,,,,
,,,,,,,,,
,,,,,,,,,
,,,,,,,,,
,,,,,,,,,
,,,,,,,,,
,,,,,,,,,
,,,,,,,,,
,,,,,,,,,
,,,,,,,,,
,,,,,,,,,
,,,,,,,,,
,,,,,,,,,
,,,,,,,,,
,,,,,,,,,
,,,,,,,,,
,,,,,,,,,
,,,,,,,,,
,,,,,,,,,
,,,,,,,,,
,,,,,,,,,
,,,,,,,,,
,,,,,,,,,
,,,,,,,,,
,,,,,,,,,
,,,,,,,,,
,,,,,,,,,
,,,,,,,,,
,,,,,,,,,
,,,,,,,,,
,,,,,,,,,
,,,,,,,,,
,,,,,,,,,
,,,,,,,,,
,,,,,,,,,
,,,,,,,,,
,,,,,,,,,
,,,,,,,,,
,,,,,,,,,
,,,,,,,,,
,,,,,,,,,
,,,,,,,,,
,,,,,,,,,
,,,,,,,,,
,,,,,,,,,
,,,,,,,,,
,,,,,,,,,
,,,,,,,,,
,,,,,,,,,
,,,,,,,,,
,,,,,,,,,
,,,,,,,,,
,,,,,,,,,
,,,,,,,,,
,,,,,,,,,
,,,,,,,,,
,,,,,,,,,
,,,,,,,,,
,,,,,,,,,
,,,,,,,,,
,,,,,,,,,
,,,,,,,,,
,,,,,,,,,
,,,,,,,,,
,,,,,,,,,
,,,,,,,,,
,,,,,,,,,
,,,,,,,,,
,,,,,,,,,
,,,,,,,,,
,,,,,,,,,
,,,,,,,,,
,,,,,,,,,
,,,,,,,,,
,,,,,,,,,
,,,,,,,,,
,,,,,,,,,
,,,,,,,,,
,,,,,,,,,
,,,,,,,,,
,,,,,,,,,
,,,,,,,,,
,,,,,,,,,
,,,,,,,,,
,,,,,,,,,
,,,,,,,,,
,,,,,,,,,
,,,,,,,,,
,,,,,,,,,
,,,,,,,,,
,,,,,,,,,
,,,,,,,,,
,,,,,,,,,
,,,,,,,,,
,,,,,,,,,
,,,,,,,,,
,,,,,,,,,
,,,,,,,,,
,,,,,,,,,
,,,,,,,,,
,,,,,,,,,
,,,,,,,,,
,,,,,,,,,
,,,,,,,,,
,,,,,,,,,
,,,,,,,,,
,,,,,,,,,
,,,,,,,,,
,,,,,,,,,
,,,,,,,,,
,,,,,,,,,
,,,,,,,,,
,,,,,,,,,
,,,,,,,,,
,,,,,,,,,
,,,,,,,,,
,,,,,,,,,
,,,,,,,,,
,,,,,,,,,
,,,,,,,,,
,,,,,,,,,
,,,,,,,,,
,,,,,,,,,
,,,,,,,,,
,,,,,,,,,
,,,,,,,,,
,,,,,,,,,
,,,,,,,,,
,,,,,,,,,
,,,,,,,,,
,,,,,,,,,
,,,,,,,,,
,,,,,,,,,
,,,,,,,,,
,,,,,,,,,
,,,,,,,,,
,,,,,,,,,
,,,,,,,,,
,,,,,,,,,
,,,,,,,,,
,,,,,,,,,
,,,,,,,,,
,,,,,,,,,
,,,,,,,,,
,,,,,,,,,
,,,,,,,,,
,,,,,,,,,
,,,,,,,,,
,,,,,,,,,
,,,,,,,,,
,,,,,,,,,
,,,,,,,,,
,,,,,,,,,
,,,,,,,,,
,,,,,,,,,
,,,,,,,,,
,,,,,,,,,
,,,,,,,,,
,,,,,,,,,
,,,,,,,,,
,,,,,,,,,
,,,,,,,,,
,,,,,,,,,
,,,,,,,,,
,,,,,,,,,
,,,,,,,,,
,,,,,,,,,
,,,,,,,,,
,,,,,,,,,
,,,,,,,,,
,,,,,,,,,
,,,,,,,,,
,,,,,,,,,
,,,,,,,,,
,,,,,,,,,
,,,,,,,,,
,,,,,,,,,
,,,,,,,,,
,,,,,,,,,
,,,,,,,,,
,,,,,,,,,
,,,,,,,,,
,,,,,,,,,
,,,,,,,,,
,,,,,,,,,
,,,,,,,,,
,,,,,,,,,
,,,,,,,,,
,,,,,,,,,
,,,,,,,,,
,,,,,,,,,
,,,,,,,,,
,,,,,,,,,
,,,,,,,,,
,,,,,,,,,
,,,,,,,,,
,,,,,,,,,
,,,,,,,,,
,,,,,,,,,
,,,,,,,,,
,,,,,,,,,
,,,,,,,,,
,,,,,,,,,
,,,,,,,,,
,,,,,,,,,
,,,,,,,,,
,,,,,,,,,
,,,,,,,,,
,,,,,,,,,
,,,,,,,,,
,,,,,,,,,
,,,,,,,,,
,,,,,,,,,
,,,,,,,,,
,,,,,,,,,
,,,,,,,,,
,,,,,,,,,
,,,,,,,,,
,,,,,,,,,
,,,,,,,,,
,,,,,,,,,
,,,,,,,,,
,,,,,,,,,
,,,,,,,,,
,,,,,,,,,
,,,,,,,,,
,,,,,,,,,
,,,,,,,,,
,,,,,,,,,
,,,,,,,,,
,,,,,,,,,
,,,,,,,,,
,,,,,,,,,
,,,,,,,,,
,,,,,,,,,
,,,,,,,,,
,,,,,,,,,
,,,,,,,,,
,,,,,,,,,
,,,,,,,,,
,,,,,,,,,
,,,,,,,,,
,,,,,,,,,
,,,,,,,,,
,,,,,,,,,
,,,,,,,,,
,,,,,,,,,
,,,,,,,,,
,,,,,,,,,
,,,,,,,,,
,,,,,,,,,
,,,,,,,,,
,,,,,,,,,
,,,,,,,,,
,,,,,,,,,
,,,,,,,,,
,,,,,,,,,
,,,,,,,,,
,,,,,,,,,
,,,,,,,,,
,,,,,,,,,
,,,,,,,,,
,,,,,,,,,
,,,,,,,,,
,,,,,,,,,
,,,,,,,,,
,,,,,,,,,
,,,,,,,,,
,,,,,,,,,
,,,,,,,,,
,,,,,,,,,
,,,,,,,,,
,,,,,,,,,
,,,,,,,,,
,,,,,,,,,
,,,,,,,,,
,,,,,,,,,
,,,,,,,,,
,,,,,,,,,
,,,,,,,,,
,,,,,,,,,
,,,,,,,,,
,,,,,,,,,
,,,,,,,,,
,,,,,,,,,
,,,,,,,,,
,,,,,,,,,
,,,,,,,,,
,,,,,,,,,
,,,,,,,,,
,,,,,,,,,
,,,,,,,,,
,,,,,,,,,
,,,,,,,,,
,,,,,,,,,
,,,,,,,,,
,,,,,,,,,
,,,,,,,,,
,,,,,,,,,
,,,,,,,,,
,,,,,,,,,
,,,,,,,,,
,,,,,,,,,
,,,,,,,,,
,,,,,,,,,
,,,,,,,,,
,,,,,,,,,
,,,,,,,,,
,,,,,,,,,
,,,,,,,,,
,,,,,,,,,
,,,,,,,,,
,,,,,,,,,
,,,,,,,,,
,,,,,,,,,
,,,,,,,,,
,,,,,,,,,
,,,,,,,,,
,,,,,,,,,
,,,,,,,,,
,,,,,,,,,
,,,,,,,,,
,,,,,,,,,
,,,,,,,,,
,,,,,,,,,
,,,,,,,,,
,,,,,,,,,
,,,,,,,,,
,,,,,,,,,
,,,,,,,,,
,,,,,,,,,
,,,,,,,,,
,,,,,,,,,
,,,,,,,,,
,,,,,,,,,
,,,,,,,,,
,,,,,,,,,
,,,,,,,,,
,,,,,,,,,
,,,,,,,,,
,,,,,,,,,
,,,,,,,,,
,,,,,,,,,
,,,,,,,,,
,,,,,,,,,
,,,,,,,,,
,,,,,,,,,
,,,,,,,,,
,,,,,,,,,
,,,,,,,,,
,,,,,,,,,
,,,,,,,,,
,,,,,,,,,
,,,,,,,,,
,,,,,,,,,
,,,,,,,,,
,,,,,,,,,
,,,,,,,,,
,,,,,,,,,
,,,,,,,,,
,,,,,,,,,
,,,,,,,,,
,,,,,,,,,
,,,,,,,,,
,,,,,,,,,
,,,,,,,,,
,,,,,,,,,
,,,,,,,,,
,,,,,,,,,
,,,,,,,,,
,,,,,,,,,
,,,,,,,,,
,,,,,,,,,
,,,,,,,,,
,,,,,,,,,
,,,,,,,,,
,,,,,,,,,
,,,,,,,,,
,,,,,,,,,
,,,,,,,,,
,,,,,,,,,
,,,,,,,,,
,,,,,,,,,
,,,,,,,,,
,,,,,,,,,
,,,,,,,,,
,,,,,,,,,
,,,,,,,,,
,,,,,,,,,
,,,,,,,,,
,,,,,,,,,
,,,,,,,,,
,,,,,,,,,
,,,,,,,,,
,,,,,,,,,
,,,,,,,,,
,,,,,,,,,
,,,,,,,,,
,,,,,,,,,
,,,,,,,,,
,,,,,,,,,
,,,,,,,,,
,,,,,,,,,
,,,,,,,,,
,,,,,,,,,
,,,,,,,,,
,,,,,,,,,
,,,,,,,,,
,,,,,,,,,
,,,,,,,,,
,,,,,,,,,
,,,,,,,,,
,,,,,,,,,
,,,,,,,,,
,,,,,,,,,
,,,,,,,,,
,,,,,,,,,
,,,,,,,,,
,,,,,,,,,
,,,,,,,,,
,,,,,,,,,
,,,,,,,,,
,,,,,,,,,
,,,,,,,,,
,,,,,,,,,
,,,,,,,,,
,,,,,,,,,
,,,,,,,,,
,,,,,,,,,
,,,,,,,,,
,,,,,,,,,
,,,,,,,,,
,,,,,,,,,
,,,,,,,,,
,,,,,,,,,
,,,,,,,,,
,,,,,,,,,
,,,,,,,,,
,,,,,,,,,
,,,,,,,,,
,,,,,,,,,
,,,,,,,,,
,,,,,,,,,
,,,,,,,,,
,,,,,,,,,
,,,,,,,,,
,,,,,,,,,
,,,,,,,,,
,,,,,,,,,
,,,,,,,,,
,,,,,,,,,
,,,,,,,,,
,,,,,,,,,
,,,,,,,,,
,,,,,,,,,
,,,,,,,,,
,,,,,,,,,
,,,,,,,,,
,,,,,,,,,
,,,,,,,,,
,,,,,,,,,
,,,,,,,,,
,,,,,,,,,
,,,,,,,,,
,,,,,,,,,
,,,,,,,,,
,,,,,,,,,
,,,,,,,,,
,,,,,,,,,
,,,,,,,,,
,,,,,,,,,
,,,,,,,,,
,,,,,,,,,
,,,,,,,,,
,,,,,,,,,
,,,,,,,,,
,,,,,,,,,
,,,,,,,,,
,,,,,,,,,
,,,,,,,,,
,,,,,,,,,
,,,,,,,,,
,,,,,,,,,
,,,,,,,,,
,,,,,,,,,
,,,,,,,,,
,,,,,,,,,
,,,,,,,,,
,,,,,,,,,
,,,,,,,,,
,,,,,,,,,
,,,,,,,,,
,,,,,,,,,
,,,,,,,,,
,,,,,,,,,
,,,,,,,,,
,,,,,,,,,
,,,,,,,,,
,,,,,,,,,
,,,,,,,,,
,,,,,,,,,
,,,,,,,,,
,,,,,,,,,
,,,,,,,,,
,,,,,,,,,
,,,,,,,,,
,,,,,,,,,
,,,,,,,,,
,,,,,,,,,
,,,,,,,,,
,,,,,,,,,
,,,,,,,,,
,,,,,,,,,
,,,,,,,,,
,,,,,,,,,
,,,,,,,,,
,,,,,,,,,
,,,,,,,,,
,,,,,,,,,
,,,,,,,,,
,,,,,,,,,
,,,,,,,,,
,,,,,,,,,
,,,,,,,,,
,,,,,,,,,
,,,,,,,,,
,,,,,,,,,
,,,,,,,,,
,,,,,,,,,
,,,,,,,,,
,,,,,,,,,
,,,,,,,,,
,,,,,,,,,
,,,,,,,,,
,,,,,,,,,
,,,,,,,,,
,,,,,,,,,
,,,,,,,,,
,,,,,,,,,
,,,,,,,,,
,,,,,,,,,
,,,,,,,,,
,,,,,,,,,
,,,,,,,,,
,,,,,,,,,
,,,,,,,,,
,,,,,,,,,
,,,,,,,,,
,,,,,,,,,
,,,,,,,,,
,,,,,,,,,
,,,,,,,,,
,,,,,,,,,
,,,,,,,,,
,,,,,,,,,
,,,,,,,,,
,,,,,,,,,
,,,,,,,,,
,,,,,,,,,
,,,,,,,,,
,,,,,,,,,
,,,,,,,,,
,,,,,,,,,
,,,,,,,,,
,,,,,,,,,
,,,,,,,,,
,,,,,,,,,
,,,,,,,,,
,,,,,,,,,
,,,,,,,,,
,,,,,,,,,
,,,,,,,,,
,,,,,,,,,
,,,,,,,,,
,,,,,,,,,
,,,,,,,,,
,,,,,,,,,
,,,,,,,,,
,,,,,,,,,
,,,,,,,,,
,,,,,,,,,
,,,,,,,,,
,,,,,,,,,
,,,,,,,,,
,,,,,,,,,
,,,,,,,,,
,,,,,,,,,
,,,,,,,,,
,,,,,,,,,
,,,,,,,,,
,,,,,,,,,
,,,,,,,,,
,,,,,,,,,
,,,,,,,,,
,,,,,,,,,
,,,,,,,,,
,,,,,,,,,
,,,,,,,,,
,,,,,,,,,
,,,,,,,,,
,,,,,,,,,
,,,,,,,,,
,,,,,,,,,
,,,,,,,,,
,,,,,,,,,
,,,,,,,,,
,,,,,,,,,
,,,,,,,,,
,,,,,,,,,
,,,,,,,,,
,,,,,,,,,
,,,,,,,,,
,,,,,,,,,
,,,,,,,,,
,,,,,,,,,
,,,,,,,,,
,,,,,,,,,
,,,,,,,,,
,,,,,,,,,
,,,,,,,,,
,,,,,,,,,
,,,,,,,,,
,,,,,,,,,
,,,,,,,,,
,,,,,,,,,
,,,,,,,,,
,,,,,,,,,
,,,,,,,,,
,,,,,,,,,
,,,,,,,,,
,,,,,,,,,
,,,,,,,,,
,,,,,,,,,
,,,,,,,,,
,,,,,,,,,
,,,,,,,,,
,,,,,,,,,
,,,,,,,,,
,,,,,,,,,
,,,,,,,,,
,,,,,,,,,
,,,,,,,,,
,,,,,,,,,
,,,,,,,,,
,,,,,,,,,
,,,,,,,,,
,,,,,,,,,
,,,,,,,,,
,,,,,,,,,
,,,,,,,,,
,,,,,,,,,
,,,,,,,,,
,,,,,,,,,
,,,,,,,,,
,,,,,,,,,
,,,,,,,,,
,,,,,,,,,
,,,,,,,,,
,,,,,,,,,
,,,,,,,,,
,,,,,,,,,
,,,,,,,,,
,,,,,,,,,
,,,,,,,,,
,,,,,,,,,
,,,,,,,,,
,,,,,,,,,
,,,,,,,,,
,,,,,,,,,
,,,,,,,,,
,,,,,,,,,
,,,,,,,,,
,,,,,,,,,
,,,,,,,,,
,,,,,,,,,
,,,,,,,,,
,,,,,,,,,
,,,,,,,,,
,,,,,,,,,
,,,,,,,,,
,,,,,,,,,
,,,,,,,,,
,,,,,,,,,
,,,,,,,,,
,,,,,,,,,
,,,,,,,,,
,,,,,,,,,
,,,,,,,,,
,,,,,,,,,
,,,,,,,,,
,,,,,,,,,
,,,,,,,,,
,,,,,,,,,
,,,,,,,,,
,,,,,,,,,
,,,,,,,,,
,,,,,,,,,
,,,,,,,,,
,,,,,,,,,
,,,,,,,,,
,,,,,,,,,
,,,,,,,,,
,,,,,,,,,
,,,,,,,,,
,,,,,,,,,
,,,,,,,,,
,,,,,,,,,
,,,,,,,,,
,,,,,,,,,
,,,,,,,,,
,,,,,,,,,
,,,,,,,,,
,,,,,,,,,
,,,,,,,,,
,,,,,,,,,
,,,,,,,,,
,,,,,,,,,
,,,,,,,,,
,,,,,,,,,
,,,,,,,,,
,,,,,,,,,
,,,,,,,,,
,,,,,,,,,
,,,,,,,,,
,,,,,,,,,
,,,,,,,,,
,,,,,,,,,
,,,,,,,,,
,,,,,,,,,
,,,,,,,,,
,,,,,,,,,
,,,,,,,,,
,,,,,,,,,
,,,,,,,,,
,,,,,,,,,
,,,,,,,,,
,,,,,,,,,
,,,,,,,,,
,,,,,,,,,
,,,,,,,,,
,,,,,,,,,
,,,,,,,,,
,,,,,,,,,
,,,,,,,,,
,,,,,,,,,
,,,,,,,,,
,,,,,,,,,
,,,,,,,,,
,,,,,,,,,
,,,,,,,,,
,,,,,,,,,
,,,,,,,,,
,,,,,,,,,
,,,,,,,,,
,,,,,,,,,
,,,,,,,,,
,,,,,,,,,
,,,,,,,,,
,,,,,,,,,
,,,,,,,,,
,,,,,,,,,
,,,,,,,,,
,,,,,,,,,
,,,,,,,,,
,,,,,,,,,
,,,,,,,,,
,,,,,,,,,
,,,,,,,,,
,,,,,,,,,
,,,,,,,,,
,,,,,,,,,
,,,,,,,,,
,,,,,,,,,
,,,,,,,,,
,,,,,,,,,
,,,,,,,,,
,,,,,,,,,
,,,,,,,,,
,,,,,,,,,
,,,,,,,,,
,,,,,,,,,
,,,,,,,,,
,,,,,,,,,
,,,,,,,,,
,,,,,,,,,
,,,,,,,,,
,,,,,,,,,
,,,,,,,,,
,,,,,,,,,
,,,,,,,,,
,,,,,,,,,
,,,,,,,,,
,,,,,,,,,
,,,,,,,,,
,,,,,,,,,
,,,,,,,,,
,,,,,,,,,
,,,,,,,,,
,,,,,,,,,
,,,,,,,,,
,,,,,,,,,
,,,,,,,,,
,,,,,,,,,
,,,,,,,,,
,,,,,,,,,
,,,,,,,,,
,,,,,,,,,
,,,,,,,,,
,,,,,,,,,
,,,,,,,,,
,,,,,,,,,
,,,,,,,,,
,,,,,,,,,
,,,,,,,,,
,,,,,,,,,
,,,,,,,,,
,,,,,,,,,
,,,,,,,,,
,,,,,,,,,
,,,,,,,,,
,,,,,,,,,
,,,,,,,,,
,,,,,,,,,
,,,,,,,,,
,,,,,,,,,
,,,,,,,,,
,,,,,,,,,
,,,,,,,,,
,,,,,,,,,
,,,,,,,,,
,,,,,,,,,
,,,,,,,,,
,,,,,,,,,
,,,,,,,,,
,,,,,,,,,
,,,,,,,,,
,,,,,,,,,
,,,,,,,,,
,,,,,,,,,
,,,,,,,,,
,,,,,,,,,
,,,,,,,,,
,,,,,,,,,
,,,,,,,,,
,,,,,,,,,
,,,,,,,,,
,,,,,,,,,
,,,,,,,,,
,,,,,,,,,
,,,,,,,,,
,,,,,,,,,
,,,,,,,,,
,,,,,,,,,
,,,,,,,,,
,,,,,,,,,
,,,,,,,,,
,,,,,,,,,
,,,,,,,,,
,,,,,,,,,
,,,,,,,,,
,,,,,,,,,
,,,,,,,,,
,,,,,,,,,
,,,,,,,,,
,,,,,,,,,
,,,,,,,,,
,,,,,,,,,
,,,,,,,,,
,,,,,,,,,
,,,,,,,,,
,,,,,,,,,
,,,,,,,,,
,,,,,,,,,
,,,,,,,,,
,,,,,,,,,
,,,,,,,,,
,,,,,,,,,
,,,,,,,,,
,,,,,,,,,
,,,,,,,,,
,,,,,,,,,
,,,,,,,,,
,,,,,,,,,
,,,,,,,,,
,,,,,,,,,
,,,,,,,,,
,,,,,,,,,
,,,,,,,,,
,,,,,,,,,
,,,,,,,,,
,,,,,,,,,
,,,,,,,,,
,,,,,,,,,
,,,,,,,,,
,,,,,,,,,
,,,,,,,,,
,,,,,,,,,
,,,,,,,,,
,,,,,,,,,
,,,,,,,,,
,,,,,,,,,
,,,,,,,,,
,,,,,,,,,
,,,,,,,,,
,,,,,,,,,
,,,,,,,,,
,,,,,,,,,
,,,,,,,,,
,,,,,,,,,
,,,,,,,,,
,,,,,,,,,
,,,,,,,,,
,,,,,,,,,
,,,,,,,,,
,,,,,,,,,
,,,,,,,,,
,,,,,,,,,
,,,,,,,,,
,,,,,,,,,
,,,,,,,,,
,,,,,,,,,
,,,,,,,,,
,,,,,,,,,
,,,,,,,,,
,,,,,,,,,
,,,,,,,,,
,,,,,,,,,
,,,,,,,,,
,,,,,,,,,
,,,,,,,,,
,,,,,,,,,
,,,,,,,,,
,,,,,,,,,
,,,,,,,,,
,,,,,,,,,
,,,,,,,,,
,,,,,,,,,
,,,,,,,,,
,,,,,,,,,
,,,,,,,,,
,,,,,,,,,
,,,,,,,,,
,,,,,,,,,
,,,,,,,,,
,,,,,,,,,
,,,,,,,,,
,,,,,,,,,
,,,,,,,,,
,,,,,,,,,
,,,,,,,,,
,,,,,,,,,
,,,,,,,,,
,,,,,,,,,
,,,,,,,,,
,,,,,,,,,
,,,,,,,,,
,,,,,,,,,
,,,,,,,,,
,,,,,,,,,
,,,,,,,,,
,,,,,,,,,
,,,,,,,,,
,,,,,,,,,
,,,,,,,,,
,,,,,,,,,
,,,,,,,,,
,,,,,,,,,
,,,,,,,,,
,,,,,,,,,
,,,,,,,,,
,,,,,,,,,
,,,,,,,,,
,,,,,,,,,
,,,,,,,,,
,,,,,,,,,
,,,,,,,,,
,,,,,,,,,
,,,,,,,,,
,,,,,,,,,
,,,,,,,,,
,,,,,,,,,
,,,,,,,,,
,,,,,,,,,
,,,,,,,,,
,,,,,,,,,
,,,,,,,,,
,,,,,,,,,
,,,,,,,,,
,,,,,,,,,
,,,,,,,,,
,,,,,,,,,
,,,,,,,,,
,,,,,,,,,
,,,,,,,,,
,,,,,,,,,
,,,,,,,,,
,,,,,,,,,
,,,,,,,,,
,,,,,,,,,
,,,,,,,,,
,,,,,,,,,
,,,,,,,,,
,,,,,,,,,
,,,,,,,,,
,,,,,,,,,
,,,,,,,,,
,,,,,,,,,
,,,,,,,,,
,,,,,,,,,
,,,,,,,,,
,,,,,,,,,
,,,,,,,,,
,,,,,,,,,
,,,,,,,,,
,,,,,,,,,
,,,,,,,,,
,,,,,,,,,
,,,,,,,,,
,,,,,,,,,
,,,,,,,,,
,,,,,,,,,
,,,,,,,,,
,,,,,,,,,
,,,,,,,,,
,,,,,,,,,
,,,,,,,,,
,,,,,,,,,
,,,,,,,,,
,,,,,,,,,
,,,,,,,,,
,,,,,,,,,
,,,,,,,,,
,,,,,,,,,
,,,,,,,,,
,,,,,,,,,
,,,,,,,,,
,,,,,,,,,
,,,,,,,,,
,,,,,,,,,
,,,,,,,,,
,,,,,,,,,
,,,,,,,,,
,,,,,,,,,
,,,,,,,,,
,,,,,,,,,
,,,,,,,,,
,,,,,,,,,
,,,,,,,,,
,,,,,,,,,
,,,,,,,,,
,,,,,,,,,
,,,,,,,,,
,,,,,,,,,
,,,,,,,,,
,,,,,,,,,
,,,,,,,,,
,,,,,,,,,
,,,,,,,,,
,,,,,,,,,
,,,,,,,,,
,,,,,,,,,
,,,,,,,,,
,,,,,,,,,
,,,,,,,,,
,,,,,,,,,
,,,,,,,,,
,,,,,,,,,
,,,,,,,,,
,,,,,,,,,
,,,,,,,,,
,,,,,,,,,
,,,,,,,,,
,,,,,,,,,
,,,,,,,,,
,,,,,,,,,
,,,,,,,,,
,,,,,,,,,
,,,,,,,,,
,,,,,,,,,
,,,,,,,,,
,,,,,,,,,
,,,,,,,,,
,,,,,,,,,
,,,,,,,,,
,,,,,,,,,
,,,,,,,,,
,,,,,,,,,
,,,,,,,,,
,,,,,,,,,
,,,,,,,,,
,,,,,,,,,
,,,,,,,,,
,,,,,,,,,
,,,,,,,,,
,,,,,,,,,
,,,,,,,,,
,,,,,,,,,
,,,,,,,,,
,,,,,,,,,
,,,,,,,,,
,,,,,,,,,
,,,,,,,,,
,,,,,,,,,
,,,,,,,,,
,,,,,,,,,
,,,,,,,,,
,,,,,,,,,
,,,,,,,,,
,,,,,,,,,
,,,,,,,,,
,,,,,,,,,
,,,,,,,,,
,,,,,,,,,
,,,,,,,,,
,,,,,,,,,
,,,,,,,,,
,,,,,,,,,
,,,,,,,,,
,,,,,,,,,
,,,,,,,,,
,,,,,,,,,
,,,,,,,,,
,,,,,,,,,
,,,,,,,,,
,,,,,,,,,
,,,,,,,,,
,,,,,,,,,
,,,,,,,,,
,,,,,,,,,
,,,,,,,,,
,,,,,,,,,
,,,,,,,,,
,,,,,,,,,
,,,,,,,,,
,,,,,,,,,
,,,,,,,,,
,,,,,,,,,
,,,,,,,,,
,,,,,,,,,
,,,,,,,,,
,,,,,,,,,
,,,,,,,,,
,,,,,,,,,
,,,,,,,,,
,,,,,,,,,
,,,,,,,,,
,,,,,,,,,
,,,,,,,,,
,,,,,,,,,
,,,,,,,,,
,,,,,,,,,
,,,,,,,,,
,,,,,,,,,
,,,,,,,,,
,,,,,,,,,
,,,,,,,,,
,,,,,,,,,
,,,,,,,,,
,,,,,,,,,
,,,,,,,,,
,,,,,,,,,
,,,,,,,,,
,,,,,,,,,
